<?xml version="1.0" encoding="UTF-8"?>
<project-private xmlns="http://www.netbeans.org/ns/project-private/1">
    <editor-bookmarks xmlns="http://www.netbeans.org/ns/editor-bookmarks/2" lastBookmarkId="0"/>
    <open-files xmlns="http://www.netbeans.org/ns/projectui-open-files/2">
        <group>
            <file>file:/C:/Users/Aswinth/Desktop/PIC%20SPI/PIC_SPI/PIC_SPI.X/PIC16F877a_SPI.h</file>
            <file>file:/C:/Users/Aswinth/Desktop/PIC%20SPI/PIC_SPI/PIC_SPI.X/PIC_SPI.c</file>
        </group>
    </open-files>
</project-private>
